,A1,A2,A3,A4,A5,A6,A7,A8,A9,A10,A11,A12,B1,B2,B3,B4,B5,B6,B7,B8,B9,B10,B11,B12,C1,C2,C3,C4,C5,C6,C7,C8,C9,C10,C11,C12,D1,D2,D3,D4,D5,D6,D7,D8,D9,D10,D11,D12,E1,E2,E3,E4,E5,E6,E7,E8,E9,E10,E11,E12,F1,F2,F3,F4,F5,F6,F7,F8,F9,F10,F11,F12,G1,G2,G3,G4,G5,G6,G7,G8,G9,G10,G11,G12,H1,H2,H3,H4,H5,H6,H7,H8,H9,H10,H11,H12
0,89.0,102.0,96.0,90.0,88.0,98.0,86.0,85.0,74.0,86.0,76.0,82.0,86.0,59.0,47.0,38.0,90.0,47.0,89.0,82.0,82.0,85.0,78.0,59.0,109.0,103.0,99.0,100.0,90.0,97.0,88.0,90.0,82.0,76.0,81.0,79.0,97.0,98.0,93.0,82.0,93.0,81.0,85.0,91.0,86.0,82.0,81.0,77.0,59.0,86.0,84.0,79.0,79.0,80.0,91.0,78.0,71.0,84.0,82.0,68.0,90.0,87.0,87.0,109.0,83.0,91.0,81.0,87.0,86.0,83.0,77.0,72.0,83.0,77.0,81.0,39.0,82.0,70.0,66.0,73.0,65.0,73.0,73.0,77.0,110.0,97.0,100.0,98.0,102.0,87.0,88.0,83.0,85.0,82.0,85.0,79.0
1,90.0,102.0,95.0,94.0,91.0,97.0,92.0,87.0,75.0,89.0,76.0,81.0,93.0,64.0,73.0,38.0,90.0,56.0,91.0,84.0,84.0,87.0,80.0,66.0,111.0,104.0,102.0,96.0,90.0,98.0,88.0,89.0,83.0,77.0,80.0,81.0,96.0,95.0,95.0,85.0,96.0,84.0,86.0,99.0,87.0,84.0,81.0,76.0,64.0,86.0,86.0,82.0,82.0,82.0,92.0,79.0,74.0,85.0,83.0,69.0,93.0,87.0,88.0,109.0,85.0,93.0,86.0,88.0,88.0,84.0,78.0,72.0,85.0,78.0,80.0,37.0,84.0,73.0,67.0,75.0,67.0,70.0,75.0,75.0,108.0,97.0,101.0,98.0,98.0,89.0,85.0,81.0,84.0,80.0,86.0,78.0
2,91.0,102.0,95.0,96.0,94.0,98.0,94.0,91.0,77.0,89.0,76.0,81.0,92.0,67.0,80.0,38.0,90.0,60.0,93.0,87.0,82.0,87.0,81.0,66.0,116.0,106.0,102.0,95.0,93.0,98.0,94.0,92.0,85.0,79.0,79.0,81.0,97.0,96.0,97.0,87.0,95.0,86.0,88.0,101.0,87.0,85.0,82.0,78.0,64.0,87.0,88.0,81.0,82.0,84.0,92.0,80.0,75.0,84.0,83.0,69.0,96.0,89.0,88.0,108.0,84.0,94.0,86.0,88.0,90.0,85.0,77.0,74.0,93.0,78.0,83.0,33.0,87.0,75.0,70.0,76.0,71.0,72.0,78.0,78.0,106.0,96.0,103.0,97.0,97.0,87.0,87.0,82.0,85.0,81.0,86.0,80.0
3,91.0,104.0,96.0,96.0,96.0,97.0,96.0,91.0,80.0,89.0,75.0,81.0,98.0,68.0,87.0,38.0,91.0,60.0,93.0,85.0,81.0,86.0,81.0,66.0,119.0,106.0,103.0,96.0,92.0,98.0,91.0,91.0,85.0,75.0,81.0,85.0,97.0,95.0,95.0,87.0,94.0,86.0,87.0,96.0,88.0,82.0,80.0,77.0,64.0,86.0,87.0,82.0,84.0,83.0,91.0,80.0,76.0,83.0,82.0,70.0,99.0,90.0,91.0,107.0,84.0,96.0,87.0,87.0,88.0,84.0,80.0,76.0,94.0,81.0,82.0,32.0,84.0,73.0,69.0,74.0,69.0,71.0,76.0,75.0,105.0,93.0,101.0,94.0,94.0,85.0,86.0,80.0,84.0,77.0,82.0,79.0
4,93.0,102.0,97.0,97.0,96.0,96.0,95.0,94.0,80.0,90.0,75.0,80.0,105.0,69.0,98.0,39.0,89.0,58.0,93.0,84.0,82.0,86.0,79.0,65.0,126.0,107.0,109.0,95.0,93.0,98.0,96.0,90.0,84.0,77.0,78.0,83.0,98.0,95.0,94.0,86.0,95.0,85.0,87.0,96.0,87.0,83.0,79.0,76.0,65.0,86.0,88.0,81.0,83.0,85.0,92.0,79.0,73.0,87.0,81.0,71.0,98.0,89.0,91.0,112.0,84.0,94.0,86.0,84.0,88.0,85.0,75.0,75.0,94.0,79.0,79.0,31.0,82.0,74.0,69.0,71.0,67.0,70.0,75.0,77.0,104.0,93.0,99.0,92.0,92.0,86.0,85.0,78.0,81.0,75.0,81.0,77.0
5,94.0,105.0,98.0,99.0,101.0,99.0,97.0,99.0,81.0,93.0,74.0,82.0,115.0,74.0,105.0,39.0,89.0,58.0,96.0,87.0,82.0,88.0,80.0,67.0,143.0,112.0,122.0,98.0,96.0,102.0,104.0,91.0,86.0,80.0,79.0,83.0,99.0,97.0,97.0,86.0,96.0,88.0,88.0,96.0,89.0,83.0,79.0,79.0,68.0,88.0,89.0,82.0,83.0,87.0,92.0,81.0,77.0,90.0,85.0,71.0,103.0,89.0,93.0,125.0,84.0,98.0,88.0,85.0,92.0,86.0,78.0,78.0,93.0,82.0,81.0,32.0,85.0,75.0,69.0,71.0,69.0,69.0,77.0,79.0,105.0,95.0,100.0,91.0,93.0,85.0,86.0,79.0,82.0,76.0,82.0,77.0
6,97.0,108.0,104.0,101.0,105.0,100.0,100.0,106.0,86.0,96.0,76.0,84.0,125.0,79.0,108.0,43.0,91.0,57.0,100.0,89.0,81.0,90.0,81.0,66.0,166.0,122.0,144.0,102.0,104.0,106.0,120.0,94.0,90.0,82.0,81.0,86.0,100.0,101.0,99.0,87.0,100.0,89.0,92.0,96.0,93.0,83.0,80.0,81.0,75.0,89.0,92.0,84.0,84.0,89.0,94.0,82.0,75.0,93.0,88.0,75.0,101.0,90.0,93.0,144.0,87.0,104.0,89.0,87.0,95.0,90.0,80.0,82.0,94.0,85.0,83.0,36.0,87.0,76.0,71.0,71.0,70.0,69.0,81.0,81.0,106.0,97.0,104.0,93.0,93.0,86.0,90.0,79.0,84.0,78.0,84.0,77.0
7,98.0,108.0,104.0,102.0,107.0,100.0,100.0,107.0,86.0,98.0,77.0,83.0,127.0,79.0,126.0,41.0,91.0,55.0,103.0,89.0,82.0,95.0,84.0,70.0,176.0,123.0,152.0,105.0,105.0,108.0,128.0,93.0,89.0,82.0,81.0,85.0,98.0,102.0,103.0,85.0,101.0,87.0,91.0,101.0,94.0,82.0,81.0,82.0,73.0,90.0,94.0,84.0,84.0,90.0,92.0,84.0,76.0,93.0,89.0,78.0,100.0,89.0,91.0,158.0,89.0,103.0,90.0,88.0,98.0,91.0,82.0,83.0,94.0,87.0,84.0,36.0,86.0,76.0,71.0,69.0,70.0,71.0,83.0,84.0,105.0,96.0,105.0,93.0,96.0,89.0,88.0,80.0,84.0,77.0,85.0,77.0
8,97.0,108.0,104.0,103.0,113.0,104.0,102.0,106.0,90.0,100.0,79.0,82.0,149.0,87.0,155.0,42.0,91.0,52.0,105.0,86.0,81.0,98.0,84.0,68.0,185.0,136.0,160.0,104.0,106.0,108.0,128.0,94.0,89.0,84.0,82.0,85.0,100.0,104.0,102.0,85.0,101.0,85.0,94.0,107.0,95.0,83.0,81.0,86.0,73.0,90.0,98.0,83.0,84.0,90.0,92.0,87.0,77.0,95.0,91.0,79.0,99.0,89.0,90.0,166.0,88.0,104.0,90.0,86.0,100.0,93.0,83.0,83.0,93.0,87.0,84.0,37.0,86.0,76.0,69.0,65.0,67.0,71.0,83.0,83.0,104.0,93.0,108.0,93.0,93.0,86.0,89.0,81.0,85.0,77.0,84.0,76.0
9,99.0,109.0,106.0,104.0,122.0,107.0,103.0,112.0,96.0,104.0,83.0,82.0,175.0,97.0,191.0,46.0,91.0,50.0,110.0,85.0,80.0,102.0,83.0,70.0,214.0,162.0,199.0,108.0,110.0,112.0,133.0,93.0,92.0,82.0,80.0,86.0,103.0,105.0,108.0,86.0,105.0,85.0,95.0,126.0,98.0,81.0,83.0,91.0,79.0,90.0,101.0,82.0,84.0,92.0,95.0,91.0,77.0,101.0,95.0,82.0,100.0,88.0,90.0,204.0,91.0,109.0,91.0,85.0,106.0,100.0,87.0,85.0,94.0,87.0,86.0,35.0,87.0,75.0,68.0,62.0,66.0,70.0,86.0,85.0,105.0,94.0,112.0,91.0,96.0,88.0,90.0,82.0,86.0,80.0,85.0,76.0
10,100.0,111.0,108.0,106.0,134.0,110.0,106.0,114.0,99.0,106.0,82.0,79.0,212.0,109.0,241.0,49.0,91.0,49.0,115.0,86.0,80.0,111.0,84.0,70.0,256.0,192.0,245.0,115.0,113.0,122.0,148.0,97.0,97.0,86.0,83.0,90.0,104.0,107.0,116.0,86.0,105.0,85.0,95.0,141.0,101.0,83.0,83.0,93.0,85.0,92.0,108.0,83.0,82.0,90.0,96.0,96.0,74.0,110.0,104.0,86.0,102.0,89.0,90.0,253.0,94.0,118.0,93.0,85.0,118.0,104.0,92.0,85.0,93.0,90.0,85.0,35.0,88.0,75.0,67.0,60.0,65.0,71.0,92.0,91.0,106.0,95.0,116.0,92.0,97.0,91.0,91.0,80.0,87.0,78.0,90.0,76.0
11,101.0,114.0,109.0,108.0,147.0,112.0,107.0,121.0,108.0,111.0,86.0,82.0,261.0,127.0,310.0,55.0,92.0,48.0,123.0,86.0,81.0,119.0,89.0,69.0,316.0,235.0,308.0,125.0,118.0,129.0,164.0,100.0,101.0,86.0,84.0,102.0,106.0,110.0,126.0,87.0,107.0,83.0,95.0,168.0,106.0,84.0,83.0,97.0,88.0,93.0,117.0,84.0,82.0,92.0,99.0,102.0,73.0,121.0,113.0,96.0,105.0,90.0,87.0,323.0,97.0,129.0,94.0,85.0,134.0,113.0,104.0,88.0,95.0,91.0,85.0,34.0,89.0,74.0,67.0,58.0,61.0,73.0,99.0,98.0,107.0,94.0,119.0,94.0,99.0,90.0,95.0,82.0,92.0,80.0,96.0,74.0
12,100.0,115.0,114.0,110.0,168.0,120.0,112.0,137.0,117.0,119.0,89.0,81.0,339.0,151.0,415.0,62.0,91.0,48.0,136.0,90.0,80.0,125.0,90.0,69.0,400.0,298.0,396.0,140.0,122.0,138.0,186.0,102.0,108.0,86.0,86.0,117.0,110.0,117.0,144.0,86.0,108.0,82.0,101.0,200.0,114.0,86.0,87.0,103.0,92.0,94.0,127.0,83.0,81.0,92.0,99.0,113.0,73.0,137.0,128.0,108.0,105.0,92.0,89.0,421.0,103.0,147.0,95.0,85.0,157.0,127.0,118.0,89.0,95.0,96.0,85.0,34.0,94.0,72.0,65.0,61.0,59.0,74.0,108.0,111.0,106.0,95.0,128.0,95.0,102.0,91.0,98.0,82.0,91.0,81.0,105.0,76.0
13,95.0,116.0,117.0,114.0,195.0,134.0,112.0,164.0,130.0,123.0,89.0,83.0,441.0,182.0,562.0,77.0,92.0,46.0,146.0,96.0,82.0,138.0,94.0,72.0,518.0,378.0,504.0,158.0,127.0,148.0,213.0,105.0,114.0,85.0,86.0,133.0,113.0,117.0,167.0,83.0,108.0,78.0,105.0,239.0,119.0,86.0,88.0,111.0,96.0,91.0,140.0,77.0,79.0,96.0,104.0,122.0,72.0,159.0,147.0,117.0,109.0,93.0,83.0,541.0,107.0,165.0,96.0,85.0,190.0,140.0,136.0,92.0,87.0,94.0,83.0,34.0,98.0,69.0,61.0,66.0,61.0,73.0,120.0,126.0,110.0,90.0,133.0,94.0,106.0,95.0,102.0,82.0,92.0,83.0,120.0,79.0
14,100.0,120.0,126.0,123.0,233.0,153.0,116.0,213.0,154.0,131.0,91.0,82.0,588.0,222.0,726.0,93.0,93.0,47.0,154.0,114.0,81.0,154.0,95.0,73.0,703.0,482.0,637.0,174.0,129.0,157.0,240.0,105.0,129.0,88.0,89.0,149.0,125.0,121.0,200.0,80.0,106.0,75.0,110.0,284.0,124.0,89.0,88.0,122.0,98.0,93.0,156.0,76.0,76.0,108.0,115.0,137.0,68.0,179.0,170.0,129.0,115.0,100.0,81.0,695.0,112.0,186.0,105.0,84.0,229.0,162.0,154.0,98.0,85.0,96.0,80.0,40.0,114.0,69.0,61.0,72.0,65.0,71.0,132.0,143.0,120.0,92.0,143.0,93.0,109.0,104.0,115.0,83.0,92.0,82.0,139.0,80.0
15,112.0,136.0,148.0,142.0,289.0,170.0,133.0,299.0,195.0,157.0,93.0,82.0,757.0,282.0,936.0,110.0,106.0,54.0,162.0,134.0,87.0,185.0,96.0,70.0,965.0,637.0,810.0,210.0,137.0,169.0,260.0,115.0,150.0,101.0,91.0,165.0,146.0,142.0,242.0,91.0,111.0,80.0,123.0,334.0,130.0,91.0,91.0,143.0,108.0,103.0,187.0,84.0,77.0,121.0,135.0,175.0,65.0,204.0,198.0,148.0,135.0,128.0,80.0,910.0,117.0,226.0,128.0,92.0,281.0,205.0,178.0,110.0,98.0,109.0,78.0,51.0,134.0,80.0,68.0,82.0,74.0,73.0,155.0,172.0,144.0,107.0,153.0,104.0,125.0,122.0,131.0,88.0,102.0,88.0,165.0,82.0
16,126.0,147.0,163.0,164.0,363.0,192.0,159.0,430.0,248.0,189.0,95.0,83.0,969.0,348.0,1173.0,130.0,126.0,66.0,188.0,156.0,103.0,238.0,107.0,75.0,1263.0,818.0,1080.0,244.0,158.0,189.0,301.0,134.0,180.0,116.0,103.0,185.0,170.0,165.0,314.0,103.0,132.0,92.0,142.0,394.0,147.0,100.0,104.0,174.0,123.0,120.0,239.0,98.0,89.0,138.0,156.0,231.0,74.0,238.0,245.0,178.0,162.0,163.0,97.0,1233.0,131.0,282.0,160.0,103.0,349.0,276.0,211.0,123.0,111.0,134.0,91.0,62.0,159.0,95.0,79.0,93.0,87.0,86.0,193.0,214.0,152.0,118.0,188.0,116.0,137.0,146.0,156.0,101.0,121.0,100.0,203.0,92.0
17,138.0,158.0,179.0,184.0,433.0,209.0,185.0,570.0,301.0,218.0,96.0,81.0,1211.0,415.0,1420.0,153.0,144.0,78.0,209.0,176.0,117.0,311.0,122.0,75.0,1603.0,998.0,1386.0,286.0,174.0,208.0,358.0,151.0,213.0,129.0,120.0,199.0,192.0,186.0,388.0,117.0,151.0,103.0,161.0,456.0,175.0,111.0,120.0,206.0,137.0,139.0,288.0,111.0,102.0,151.0,179.0,296.0,83.0,287.0,296.0,207.0,185.0,221.0,112.0,1569.0,147.0,336.0,191.0,116.0,408.0,354.0,251.0,132.0,124.0,157.0,102.0,84.0,179.0,107.0,88.0,104.0,99.0,98.0,246.0,261.0,163.0,129.0,223.0,133.0,149.0,171.0,186.0,113.0,137.0,111.0,243.0,103.0
18,152.0,177.0,193.0,208.0,516.0,232.0,215.0,748.0,368.0,256.0,99.0,81.0,1500.0,503.0,1681.0,177.0,166.0,91.0,234.0,202.0,134.0,399.0,135.0,75.0,2002.0,1172.0,1755.0,340.0,199.0,231.0,450.0,172.0,252.0,143.0,132.0,217.0,217.0,214.0,479.0,134.0,170.0,117.0,184.0,524.0,207.0,126.0,136.0,240.0,156.0,156.0,357.0,127.0,114.0,165.0,205.0,386.0,96.0,339.0,361.0,254.0,216.0,297.0,126.0,1965.0,166.0,399.0,233.0,130.0,486.0,470.0,302.0,145.0,140.0,188.0,116.0,94.0,205.0,123.0,104.0,120.0,114.0,113.0,314.0,327.0,180.0,148.0,277.0,149.0,160.0,207.0,231.0,130.0,161.0,125.0,299.0,117.0
19,166.0,191.0,209.0,230.0,604.0,252.0,246.0,955.0,429.0,287.0,101.0,82.0,1785.0,578.0,1907.0,201.0,186.0,103.0,254.0,224.0,149.0,503.0,152.0,76.0,2418.0,1353.0,2167.0,390.0,222.0,253.0,566.0,192.0,296.0,155.0,146.0,238.0,236.0,231.0,569.0,146.0,190.0,128.0,205.0,592.0,240.0,140.0,151.0,273.0,170.0,170.0,423.0,139.0,127.0,179.0,227.0,482.0,108.0,384.0,431.0,306.0,240.0,384.0,134.0,2429.0,181.0,463.0,273.0,144.0,560.0,596.0,350.0,158.0,153.0,211.0,125.0,106.0,229.0,137.0,113.0,130.0,125.0,125.0,387.0,382.0,195.0,157.0,319.0,161.0,176.0,239.0,276.0,142.0,182.0,144.0,366.0,134.0
20,179.0,208.0,232.0,258.0,691.0,278.0,281.0,1164.0,497.0,327.0,104.0,84.0,2072.0,668.0,2141.0,223.0,207.0,116.0,280.0,250.0,168.0,613.0,169.0,77.0,2961.0,1534.0,2581.0,449.0,246.0,277.0,704.0,213.0,340.0,170.0,161.0,254.0,261.0,255.0,672.0,162.0,213.0,140.0,233.0,641.0,279.0,155.0,165.0,310.0,188.0,188.0,489.0,153.0,141.0,197.0,256.0,589.0,120.0,442.0,508.0,363.0,275.0,506.0,148.0,2891.0,199.0,532.0,327.0,159.0,650.0,730.0,403.0,174.0,169.0,241.0,140.0,114.0,255.0,155.0,126.0,143.0,139.0,135.0,473.0,445.0,213.0,175.0,371.0,177.0,194.0,276.0,327.0,155.0,208.0,161.0,446.0,150.0
21,193.0,222.0,245.0,280.0,761.0,293.0,309.0,1391.0,562.0,356.0,112.0,80.0,2291.0,729.0,2331.0,246.0,223.0,123.0,301.0,270.0,183.0,712.0,183.0,77.0,3350.0,1702.0,2983.0,491.0,265.0,295.0,833.0,232.0,381.0,182.0,175.0,262.0,276.0,274.0,754.0,175.0,228.0,148.0,252.0,689.0,310.0,164.0,177.0,341.0,203.0,198.0,551.0,168.0,149.0,208.0,278.0,686.0,130.0,487.0,573.0,424.0,300.0,633.0,153.0,3316.0,212.0,595.0,367.0,170.0,715.0,853.0,447.0,185.0,181.0,262.0,151.0,121.0,275.0,168.0,136.0,154.0,152.0,149.0,557.0,503.0,225.0,183.0,414.0,192.0,207.0,304.0,369.0,168.0,227.0,173.0,522.0,164.0
22,204.0,235.0,262.0,305.0,814.0,312.0,334.0,1583.0,616.0,378.0,125.0,76.0,2518.0,795.0,2480.0,268.0,242.0,136.0,318.0,288.0,196.0,807.0,195.0,75.0,3687.0,1826.0,3312.0,523.0,286.0,310.0,975.0,251.0,415.0,192.0,187.0,270.0,292.0,291.0,842.0,186.0,247.0,155.0,272.0,715.0,344.0,180.0,188.0,372.0,219.0,213.0,609.0,179.0,163.0,221.0,300.0,797.0,138.0,528.0,640.0,478.0,323.0,778.0,165.0,3667.0,228.0,654.0,411.0,184.0,796.0,982.0,485.0,197.0,193.0,286.0,161.0,131.0,299.0,184.0,147.0,166.0,164.0,160.0,630.0,555.0,240.0,199.0,462.0,206.0,219.0,333.0,418.0,181.0,242.0,184.0,578.0,178.0
23,225.0,250.0,279.0,330.0,883.0,334.0,363.0,1769.0,675.0,408.0,141.0,81.0,2719.0,863.0,2632.0,287.0,260.0,145.0,340.0,308.0,211.0,910.0,213.0,79.0,4082.0,1944.0,3679.0,557.0,309.0,329.0,1115.0,271.0,460.0,206.0,203.0,281.0,311.0,309.0,943.0,199.0,272.0,165.0,296.0,731.0,380.0,192.0,204.0,401.0,232.0,229.0,672.0,192.0,173.0,229.0,327.0,909.0,148.0,574.0,710.0,547.0,351.0,930.0,176.0,3986.0,246.0,714.0,455.0,197.0,866.0,1136.0,520.0,211.0,210.0,312.0,174.0,138.0,322.0,197.0,159.0,179.0,177.0,171.0,708.0,602.0,255.0,213.0,512.0,223.0,240.0,364.0,469.0,197.0,267.0,199.0,639.0,195.0
24,234.0,262.0,291.0,345.0,931.0,341.0,388.0,1923.0,712.0,423.0,154.0,77.0,2826.0,910.0,2935.0,305.0,276.0,155.0,353.0,313.0,228.0,994.0,222.0,76.0,4373.0,2022.0,3929.0,579.0,325.0,344.0,1246.0,283.0,483.0,216.0,212.0,282.0,320.0,322.0,1015.0,210.0,285.0,174.0,317.0,740.0,409.0,200.0,214.0,423.0,244.0,244.0,716.0,204.0,183.0,235.0,340.0,1009.0,157.0,601.0,756.0,601.0,369.0,1070.0,183.0,4275.0,256.0,751.0,496.0,206.0,934.0,1247.0,547.0,220.0,219.0,334.0,186.0,145.0,331.0,209.0,170.0,189.0,188.0,181.0,774.0,641.0,268.0,223.0,549.0,232.0,251.0,389.0,518.0,210.0,286.0,212.0,695.0,205.0
25,247.0,276.0,307.0,359.0,932.0,354.0,409.0,2095.0,745.0,443.0,171.0,76.0,2920.0,926.0,3085.0,317.0,290.0,165.0,364.0,337.0,239.0,1071.0,238.0,77.0,4681.0,2075.0,4150.0,587.0,339.0,355.0,1350.0,297.0,505.0,224.0,226.0,283.0,324.0,329.0,1078.0,219.0,304.0,185.0,330.0,739.0,441.0,213.0,226.0,447.0,252.0,253.0,750.0,214.0,192.0,240.0,353.0,1105.0,169.0,618.0,801.0,657.0,382.0,1201.0,191.0,4438.0,269.0,788.0,525.0,217.0,989.0,1340.0,576.0,231.0,232.0,345.0,194.0,150.0,346.0,222.0,180.0,198.0,199.0,190.0,836.0,675.0,279.0,236.0,578.0,246.0,269.0,409.0,562.0,223.0,297.0,225.0,739.0,221.0
26,253.0,279.0,315.0,373.0,979.0,363.0,415.0,2246.0,771.0,449.0,182.0,75.0,2994.0,949.0,3145.0,339.0,298.0,170.0,370.0,342.0,247.0,1131.0,243.0,75.0,4732.0,2092.0,4400.0,592.0,348.0,357.0,1411.0,307.0,526.0,229.0,234.0,284.0,321.0,336.0,1172.0,225.0,316.0,187.0,345.0,740.0,461.0,218.0,233.0,456.0,256.0,262.0,811.0,216.0,196.0,241.0,370.0,1270.0,171.0,624.0,815.0,699.0,394.0,1335.0,196.0,4562.0,271.0,815.0,579.0,222.0,998.0,1531.0,657.0,239.0,233.0,377.0,198.0,152.0,354.0,228.0,185.0,196.0,202.0,193.0,878.0,674.0,287.0,241.0,606.0,250.0,278.0,430.0,594.0,229.0,311.0,232.0,793.0,232.0
27,257.0,280.0,319.0,377.0,971.0,368.0,426.0,2282.0,806.0,449.0,196.0,75.0,2994.0,973.0,3195.0,353.0,306.0,174.0,380.0,350.0,257.0,1213.0,250.0,77.0,4755.0,2079.0,4682.0,601.0,354.0,363.0,1477.0,319.0,555.0,235.0,244.0,283.0,323.0,339.0,1279.0,230.0,329.0,190.0,359.0,748.0,494.0,222.0,239.0,466.0,260.0,268.0,841.0,225.0,202.0,243.0,376.0,1409.0,178.0,643.0,879.0,771.0,401.0,1379.0,200.0,4690.0,280.0,846.0,617.0,224.0,1022.0,1705.0,828.0,245.0,239.0,391.0,200.0,155.0,360.0,235.0,190.0,200.0,211.0,202.0,912.0,689.0,292.0,245.0,618.0,255.0,291.0,440.0,647.0,236.0,323.0,239.0,850.0,245.0
28,263.0,285.0,323.0,374.0,960.0,366.0,426.0,2270.0,825.0,447.0,209.0,76.0,2954.0,979.0,3224.0,361.0,310.0,177.0,382.0,354.0,265.0,1321.0,259.0,75.0,4717.0,2094.0,4735.0,600.0,358.0,369.0,1520.0,327.0,575.0,236.0,247.0,288.0,321.0,344.0,1312.0,233.0,340.0,190.0,368.0,761.0,518.0,226.0,246.0,468.0,258.0,268.0,831.0,226.0,201.0,243.0,381.0,1480.0,178.0,652.0,918.0,843.0,400.0,1394.0,200.0,4679.0,283.0,861.0,631.0,227.0,1035.0,1793.0,926.0,245.0,241.0,404.0,203.0,158.0,359.0,240.0,193.0,202.0,212.0,203.0,971.0,700.0,291.0,247.0,625.0,259.0,296.0,445.0,645.0,241.0,338.0,250.0,854.0,254.0
29,264.0,288.0,323.0,370.0,944.0,369.0,423.0,2215.0,818.0,438.0,225.0,75.0,2907.0,990.0,3236.0,369.0,312.0,179.0,387.0,355.0,262.0,1366.0,260.0,75.0,4653.0,2068.0,4723.0,600.0,358.0,367.0,1521.0,328.0,573.0,236.0,248.0,286.0,323.0,344.0,1305.0,232.0,341.0,194.0,371.0,764.0,527.0,229.0,247.0,468.0,263.0,271.0,839.0,227.0,204.0,246.0,383.0,1508.0,181.0,658.0,928.0,862.0,400.0,1410.0,200.0,4598.0,284.0,869.0,635.0,227.0,1037.0,1808.0,962.0,249.0,243.0,407.0,202.0,159.0,357.0,243.0,193.0,204.0,215.0,202.0,988.0,700.0,290.0,247.0,613.0,259.0,299.0,446.0,644.0,240.0,343.0,253.0,845.0,261.0
30,267.0,288.0,325.0,374.0,930.0,373.0,423.0,2190.0,817.0,439.0,238.0,74.0,2861.0,986.0,3246.0,376.0,313.0,182.0,387.0,360.0,267.0,1412.0,263.0,75.0,4672.0,2049.0,4693.0,596.0,362.0,367.0,1526.0,332.0,573.0,237.0,252.0,288.0,325.0,349.0,1310.0,237.0,340.0,197.0,372.0,761.0,530.0,228.0,253.0,466.0,266.0,274.0,840.0,233.0,210.0,245.0,388.0,1531.0,185.0,660.0,931.0,861.0,402.0,1417.0,206.0,4494.0,284.0,865.0,645.0,231.0,1035.0,1834.0,975.0,251.0,244.0,409.0,207.0,160.0,364.0,244.0,199.0,207.0,219.0,206.0,1001.0,694.0,298.0,253.0,609.0,263.0,301.0,444.0,646.0,245.0,345.0,253.0,837.0,261.0
31,268.0,287.0,326.0,372.0,904.0,371.0,411.0,2161.0,806.0,435.0,248.0,72.0,2785.0,984.0,3224.0,375.0,311.0,181.0,382.0,359.0,267.0,1419.0,261.0,73.0,4623.0,2030.0,4644.0,585.0,355.0,360.0,1519.0,329.0,570.0,239.0,254.0,287.0,326.0,342.0,1287.0,237.0,344.0,197.0,375.0,761.0,529.0,228.0,253.0,461.0,265.0,275.0,835.0,230.0,208.0,244.0,388.0,1533.0,186.0,649.0,921.0,865.0,400.0,1390.0,204.0,4361.0,284.0,861.0,648.0,232.0,1026.0,1822.0,974.0,248.0,244.0,409.0,207.0,160.0,364.0,248.0,200.0,206.0,219.0,204.0,989.0,696.0,294.0,253.0,594.0,260.0,304.0,442.0,648.0,243.0,350.0,256.0,824.0,263.0
32,275.0,289.0,331.0,374.0,904.0,371.0,410.0,2150.0,798.0,437.0,263.0,73.0,2701.0,988.0,3232.0,380.0,313.0,181.0,386.0,362.0,266.0,1443.0,264.0,78.0,4650.0,1993.0,4630.0,586.0,360.0,362.0,1511.0,328.0,568.0,242.0,254.0,291.0,329.0,348.0,1272.0,239.0,349.0,197.0,379.0,765.0,531.0,230.0,253.0,447.0,267.0,274.0,818.0,233.0,210.0,246.0,387.0,1560.0,187.0,647.0,920.0,860.0,398.0,1405.0,206.0,4248.0,285.0,860.0,653.0,237.0,1026.0,1847.0,973.0,253.0,246.0,417.0,210.0,163.0,367.0,249.0,202.0,209.0,222.0,209.0,984.0,695.0,297.0,255.0,592.0,265.0,305.0,440.0,661.0,250.0,346.0,259.0,826.0,266.0
33,274.0,286.0,333.0,365.0,886.0,379.0,410.0,2122.0,803.0,438.0,263.0,71.0,2651.0,979.0,3211.0,382.0,313.0,186.0,379.0,361.0,268.0,1448.0,267.0,76.0,4618.0,1965.0,4570.0,570.0,362.0,362.0,1499.0,330.0,567.0,241.0,256.0,290.0,328.0,345.0,1264.0,238.0,346.0,197.0,378.0,763.0,529.0,230.0,252.0,448.0,269.0,272.0,824.0,234.0,209.0,247.0,382.0,1569.0,187.0,640.0,916.0,867.0,396.0,1409.0,205.0,4111.0,285.0,856.0,647.0,237.0,1015.0,1840.0,966.0,252.0,248.0,418.0,210.0,162.0,361.0,249.0,203.0,209.0,221.0,211.0,989.0,705.0,292.0,256.0,585.0,266.0,305.0,434.0,655.0,250.0,347.0,259.0,819.0,270.0
34,279.0,288.0,336.0,370.0,880.0,382.0,408.0,2131.0,796.0,439.0,269.0,73.0,2603.0,974.0,3218.0,391.0,313.0,185.0,379.0,367.0,270.0,1466.0,266.0,75.0,4682.0,1946.0,4510.0,568.0,364.0,360.0,1505.0,331.0,577.0,245.0,257.0,291.0,329.0,346.0,1248.0,241.0,347.0,201.0,381.0,764.0,540.0,230.0,253.0,447.0,271.0,272.0,822.0,234.0,211.0,247.0,392.0,1579.0,189.0,642.0,924.0,873.0,393.0,1396.0,209.0,4061.0,287.0,857.0,661.0,238.0,1015.0,1852.0,966.0,254.0,249.0,421.0,213.0,164.0,363.0,251.0,205.0,211.0,223.0,212.0,989.0,700.0,298.0,258.0,584.0,269.0,304.0,433.0,662.0,253.0,349.0,260.0,822.0,271.0
35,277.0,286.0,333.0,365.0,867.0,383.0,405.0,2111.0,787.0,436.0,270.0,68.0,2540.0,965.0,3202.0,387.0,308.0,185.0,369.0,365.0,267.0,1478.0,263.0,73.0,4661.0,1905.0,4425.0,549.0,358.0,352.0,1484.0,326.0,568.0,243.0,254.0,285.0,329.0,345.0,1219.0,240.0,343.0,197.0,376.0,759.0,531.0,228.0,253.0,436.0,270.0,274.0,802.0,234.0,210.0,244.0,382.0,1572.0,188.0,641.0,914.0,865.0,390.0,1376.0,204.0,3951.0,288.0,850.0,655.0,236.0,1002.0,1861.0,951.0,253.0,245.0,423.0,212.0,165.0,361.0,251.0,204.0,210.0,222.0,209.0,972.0,703.0,294.0,256.0,574.0,263.0,302.0,427.0,670.0,248.0,350.0,258.0,822.0,272.0
36,280.0,287.0,342.0,370.0,864.0,391.0,406.0,2123.0,781.0,436.0,269.0,70.0,2531.0,967.0,3194.0,396.0,306.0,187.0,375.0,368.0,269.0,1473.0,265.0,74.0,4715.0,1899.0,4385.0,553.0,356.0,352.0,1480.0,329.0,571.0,244.0,258.0,290.0,330.0,343.0,1209.0,240.0,345.0,201.0,381.0,753.0,538.0,230.0,256.0,436.0,272.0,275.0,806.0,238.0,211.0,246.0,385.0,1595.0,189.0,636.0,917.0,869.0,386.0,1388.0,208.0,3886.0,287.0,843.0,665.0,239.0,1004.0,1858.0,963.0,258.0,249.0,428.0,215.0,165.0,361.0,250.0,208.0,210.0,224.0,213.0,976.0,704.0,300.0,264.0,576.0,268.0,307.0,429.0,680.0,252.0,351.0,262.0,826.0,275.0
37,284.0,292.0,340.0,374.0,856.0,393.0,399.0,2142.0,777.0,439.0,271.0,69.0,2514.0,979.0,3206.0,397.0,307.0,185.0,370.0,375.0,270.0,1482.0,271.0,72.0,4787.0,1869.0,4387.0,547.0,361.0,350.0,1486.0,334.0,575.0,248.0,258.0,291.0,331.0,345.0,1197.0,242.0,348.0,202.0,383.0,757.0,539.0,232.0,258.0,432.0,273.0,276.0,809.0,235.0,211.0,246.0,385.0,1610.0,191.0,633.0,923.0,876.0,384.0,1374.0,208.0,3827.0,287.0,851.0,669.0,239.0,998.0,1881.0,971.0,256.0,250.0,434.0,215.0,165.0,363.0,252.0,207.0,210.0,226.0,212.0,971.0,711.0,303.0,266.0,573.0,270.0,311.0,428.0,687.0,256.0,355.0,265.0,834.0,279.0
38,287.0,290.0,338.0,368.0,852.0,394.0,398.0,2128.0,765.0,440.0,268.0,66.0,2495.0,970.0,3173.0,396.0,302.0,189.0,364.0,371.0,263.0,1477.0,262.0,71.0,4718.0,1863.0,4327.0,543.0,352.0,346.0,1473.0,328.0,568.0,242.0,257.0,290.0,331.0,343.0,1179.0,242.0,348.0,200.0,385.0,759.0,530.0,229.0,254.0,424.0,275.0,278.0,805.0,236.0,211.0,247.0,386.0,1612.0,191.0,629.0,915.0,873.0,385.0,1386.0,210.0,3788.0,285.0,846.0,670.0,237.0,995.0,1875.0,958.0,257.0,249.0,435.0,214.0,166.0,356.0,257.0,212.0,212.0,227.0,215.0,961.0,704.0,304.0,267.0,580.0,274.0,312.0,431.0,699.0,253.0,352.0,262.0,834.0,279.0
39,289.0,294.0,340.0,375.0,854.0,401.0,399.0,2154.0,750.0,442.0,268.0,69.0,2482.0,972.0,3164.0,398.0,299.0,186.0,362.0,374.0,267.0,1484.0,267.0,73.0,4792.0,1840.0,4226.0,539.0,354.0,342.0,1453.0,328.0,570.0,244.0,257.0,291.0,333.0,343.0,1152.0,241.0,347.0,202.0,383.0,748.0,531.0,229.0,258.0,422.0,275.0,273.0,802.0,236.0,212.0,247.0,387.0,1594.0,191.0,621.0,909.0,878.0,387.0,1353.0,214.0,3715.0,287.0,839.0,673.0,240.0,980.0,1867.0,958.0,260.0,248.0,432.0,217.0,166.0,356.0,253.0,213.0,209.0,229.0,215.0,953.0,697.0,312.0,271.0,580.0,274.0,313.0,432.0,709.0,259.0,356.0,263.0,831.0,279.0
